cust_id,first_name,last_name,email_id,gender,D.O.B
1,Sara,Rodriguez,srodriguez0@ucsd.edu,Female,13/12/2016
2,Brian,Butler,bbutler1@usatoday.com,Male,18/12/2016
3,Chris,Lee,clee2@uiuc.edu,Male,30/05/2016
4,Philip,Morris,pmorris3@dot.gov,Male,17/09/2015
5,Kelly,Reed,kreed4@amazon.co.jp,Female,09/06/2016
6,Sean,Davis,sdavis5@time.com,,11/11/2015
7,David,Richardson,drichardson6@samsung.com,Male,23/06/2015
8,Kimberly,Hamilton,khamilton7@yellowpages.com,Female,26/11/2016
9,Keith,Ellis,kellis8@cargocollective.com,,
10,Diana,Dean,ddean9@rambler.ru,,18/12/2016
11,Earl,Boyd,eboyda@nationalgeographic.com,,04/05/2016
12,Jonathan,Brooks,jbrooksb@umich.edu,,29/11/2015
13,Jeffrey,Wallace,jwallacec@free.fr,Male,13/12/2015
14,Sandra,Gomez,sgomezd@independent.co.uk,Female,28/05/2016
15,Kenneth,Williams,kwilliamse@cloudflare.com,,
16,Justin,Jordan,jjordanf@forbes.com,,10/10/2016
17,Johnny,Jones,jjonesg@exblog.jp,Male,27/07/2016
18,James,Harrison,jharrisonh@nationalgeographic.com,Male,11/03/2016
19,Thomas,Price,tpricei@bloglines.com,Male,06/12/2015
20,David,Day,ddayj@msu.edu,Male,29/08/2015
21,Joe,Hayes,jhayesk@umn.edu,Male,03/02/2017
22,Joyce,Thomas,jthomasl@unesco.org,Female,24/01/2017
23,Samuel,George,sgeorgem@sakura.ne.jp,,03/04/2016
24,Adam,Kelly,akellyn@comsenz.com,Male,24/08/2016
25,Gerald,Taylor,gtayloro@booking.com,,23/07/2016
26,Robin,Moore,rmoorep@hibu.com,Female,18/05/2015
27,Fred,Perry,fperryq@youtu.be,,22/07/2015
28,Teresa,Robertson,trobertsonr@aboutads.info,Female,
29,Steven,Berry,sberrys@independent.co.uk,Male,27/11/2015
30,Scott,Burns,sburnst@booking.com,Male,12/09/2015
31,Paul,Taylor,ptayloru@bigcartel.com,Male,16/09/2015
32,Mildred,Wood,mwoodv@oracle.com,Female,15/04/2016
33,Deborah,Fernandez,dfernandezw@ucla.edu,Female,10/12/2016
34,Clarence,Matthews,cmatthewsx@mysql.com,Male,11/07/2016
35,Cynthia,Hayes,chayesy@prlog.org,,01/07/2015
36,Jean,Campbell,jcampbellz@homestead.com,Female,19/06/2016
37,Johnny,Lopez,jlopez10@edublogs.org,Male,08/08/2015
38,Jesse,Morgan,jmorgan11@businessweek.com,Male,02/12/2015
39,James,Johnston,jjohnston12@cmu.edu,,
40,Chris,Ferguson,cferguson13@umich.edu,Male,29/12/2016
41,Evelyn,Perez,eperez14@indiegogo.com,Female,06/11/2016
42,Margaret,Phillips,mphillips15@bigcartel.com,Female,05/07/2015
43,Diane,Hunt,dhunt16@booking.com,,02/02/2016
44,Carol,Kim,ckim17@tinyurl.com,Female,22/10/2016
45,Larry,Alvarez,lalvarez18@diigo.com,,31/10/2016
46,Bruce,Nguyen,bnguyen19@blogspot.com,,
47,Lois,Henry,lhenry1a@japanpost.jp,Female,06/09/2016
48,Sandra,Rose,srose1b@arstechnica.com,Female,10/09/2016
49,Randy,Wilson,rwilson1c@macromedia.com,,10/11/2016
50,Clarence,Wood,cwood1d@dot.gov,Male,
51,Roy,Foster,rfoster1e@spiegel.de,Male,09/06/2015
52,Fred,Palmer,fpalmer1f@cloudflare.com,Male,19/06/2015
53,Joe,Weaver,jweaver1g@usnews.com,Male,13/10/2016
54,Russell,Alvarez,ralvarez1h@cnn.com,Male,04/06/2015
55,Gloria,Gibson,ggibson1i@privacy.gov.au,Female,19/07/2015
56,Steven,Watson,swatson1j@domainmarket.com,Male,
57,Jennifer,Thompson,jthompson1k@wiley.com,Female,26/07/2016
58,Janice,Duncan,jduncan1l@1688.com,,18/03/2016
59,Christine,Vasquez,cvasquez1m@wiley.com,Female,12/09/2016
60,Martin,Banks,mbanks1n@imageshack.us,Male,03/07/2015
61,Steve,Graham,sgraham1o@instagram.com,,06/06/2015
62,Jean,Alvarez,jalvarez1p@flavors.me,Female,25/10/2016
63,Craig,Vasquez,cvasquez1q@state.gov,,12/08/2016
64,Mary,Elliott,melliott1r@mac.com,,24/09/2016
65,Donald,Stone,dstone1s@netlog.com,Male,30/11/2016
66,Helen,Perkins,hperkins1t@boston.com,Female,
67,Todd,Burns,tburns1u@so-net.ne.jp,Male,25/12/2015
68,Melissa,Castillo,mcastillo1v@posterous.com,,15/02/2017
69,Donna,Fowler,dfowler1w@skyrock.com,Female,22/10/2016
70,Peter,Romero,promero1x@va.gov,Male,08/08/2015
71,Carl,Grant,cgrant1y@qq.com,Male,10/08/2016
72,Sharon,Schmidt,sschmidt1z@shop-pro.jp,Female,20/02/2016
73,Laura,Mcdonald,lmcdonald20@seesaa.net,Female,14/05/2015
74,Frances,Burns,fburns21@infoseek.co.jp,,07/01/2016
75,Paul,Martin,pmartin22@google.com,Male,
76,Laura,Burton,lburton23@sfgate.com,,23/05/2016
77,Annie,Owens,aowens24@bluehost.com,Female,07/01/2016
78,Kenneth,Rose,krose25@amazon.co.jp,Male,02/06/2015
79,Richard,Kelley,rkelley26@hp.com,Male,08/02/2017
80,Stephanie,Kim,skim27@yellowbook.com,,23/01/2017
81,Nicole,Black,nblack28@deviantart.com,Female,
82,Timothy,Banks,tbanks29@shinystat.com,,15/10/2016
83,Bonnie,Gonzales,bgonzales2a@illinois.edu,,04/09/2016
84,Larry,Grant,lgrant2b@qq.com,Male,05/11/2016
85,Paul,Taylor,ptaylor2c@va.gov,Male,03/02/2016
86,Richard,Mcdonald,rmcdonald2d@ycombinator.com,,27/05/2015
87,Kathleen,Patterson,kpatterson2e@github.com,Female,26/01/2016
88,Bonnie,Price,bprice2f@people.com.cn,,26/11/2015
89,Martin,Murphy,mmurphy2g@lulu.com,,12/08/2016
90,David,Greene,dgreene2h@smugmug.com,Male,13/09/2016
91,Sandra,Butler,sbutler2i@csmonitor.com,Female,10/04/2016
92,Todd,Smith,tsmith2j@nba.com,,20/01/2016
93,Robert,Elliott,relliott2k@bbc.co.uk,,17/05/2016
94,Janice,Cunningham,jcunningham2l@prnewswire.com,,
95,Michelle,Lynch,mlynch2m@ning.com,,13/03/2016
96,Sean,Gonzalez,sgonzalez2n@cbslocal.com,Male,06/07/2015
97,Justin,Hall,jhall2o@harvard.edu,Male,
98,Elizabeth,Sullivan,esullivan2p@ifeng.com,Female,28/08/2015
99,Rachel,Carpenter,rcarpenter2q@over-blog.com,Female,19/01/2016
100,Arthur,Campbell,acampbell2r@addthis.com,,12/03/2016
